timestamp,source_system,file_name,record_identifier,error_type,error_message,raw_record
2026-08-03T08:42:56.413091+00:00,globaltech_hris,missing.csv,,FileNotFoundError,File not found: missing.csv,None
2026-08-03T08:42:56.432725+00:00,globaltech_hris,employees.txt,,ValueError,Unsupported file extension '.txt'. Expected one of ['.csv'].,None
2026-08-03T08:42:56.560944+00:00,acquiredco_hris,missing.json,,FileNotFoundError,File not found: missing.json,None
2026-08-03T08:42:56.560944+00:00,acquiredco_hris,employees.csv,,ValueError,Unsupported file extension '.csv'. Expected one of ['.json'].,None
2026-08-03T08:42:56.595914+00:00,acquiredco_hris,bad.json,,JSONDecodeError,Expecting property name enclosed in double quotes: line 1 column 2 (char 1),None
2026-08-03T08:43:01.592421+00:00,payroll,missing.xlsx,,FileNotFoundError,File not found: missing.xlsx,None
2026-08-03T08:43:01.607243+00:00,payroll,payroll.csv,,ValueError,Unsupported file extension '.csv'. Expected one of ['.xlsx'].,None
2026-08-03T08:43:01.821209+00:00,benefits,missing.xml,,FileNotFoundError,File not found: missing.xml,None
2026-08-03T08:43:01.827323+00:00,benefits,benefits.txt,,ValueError,Unsupported file extension '.txt'. Expected one of ['.xml'].,None
2026-08-03T08:49:36.241784+00:00,globaltech_hris,missing.csv,,FileNotFoundError,File not found: missing.csv,None
2026-08-03T08:49:36.278924+00:00,globaltech_hris,employees.txt,,ValueError,Unsupported file extension '.txt'. Expected one of ['.csv'].,None
2026-08-03T08:49:36.400967+00:00,acquiredco_hris,missing.json,,FileNotFoundError,File not found: missing.json,None
2026-08-03T08:49:36.409416+00:00,acquiredco_hris,employees.csv,,ValueError,Unsupported file extension '.csv'. Expected one of ['.json'].,None
2026-08-03T08:49:36.416899+00:00,acquiredco_hris,bad.json,,JSONDecodeError,Expecting property name enclosed in double quotes: line 1 column 2 (char 1),None
2026-08-03T08:49:40.819273+00:00,payroll,missing.xlsx,,FileNotFoundError,File not found: missing.xlsx,None
2026-08-03T08:49:40.826030+00:00,payroll,payroll.csv,,ValueError,Unsupported file extension '.csv'. Expected one of ['.xlsx'].,None
2026-08-03T08:49:41.039306+00:00,benefits,missing.xml,,FileNotFoundError,File not found: missing.xml,None
2026-08-03T08:49:41.050809+00:00,benefits,benefits.txt,,ValueError,Unsupported file extension '.txt'. Expected one of ['.xml'].,None
2026-08-03T09:27:13.229398+00:00,globaltech_hris,missing.csv,,FileNotFoundError,File not found: missing.csv,None
2026-08-03T09:27:13.254564+00:00,globaltech_hris,employees.txt,,ValueError,Unsupported file extension '.txt'. Expected one of ['.csv'].,None
2026-08-03T09:27:13.480193+00:00,acquiredco_hris,missing.json,,FileNotFoundError,File not found: missing.json,None
2026-08-03T09:27:13.487192+00:00,acquiredco_hris,employees.csv,,ValueError,Unsupported file extension '.csv'. Expected one of ['.json'].,None
2026-08-03T09:27:13.532387+00:00,acquiredco_hris,bad.json,,JSONDecodeError,Expecting property name enclosed in double quotes: line 1 column 2 (char 1),None
2026-08-03T09:27:17.898365+00:00,payroll,missing.xlsx,,FileNotFoundError,File not found: missing.xlsx,None
2026-08-03T09:27:17.918476+00:00,payroll,payroll.csv,,ValueError,Unsupported file extension '.csv'. Expected one of ['.xlsx'].,None
2026-08-03T09:27:18.117359+00:00,benefits,missing.xml,,FileNotFoundError,File not found: missing.xml,None
2026-08-03T09:27:18.127954+00:00,benefits,benefits.txt,,ValueError,Unsupported file extension '.txt'. Expected one of ['.xml'].,None
2026-08-03T09:33:06.289065+00:00,globaltech_hris,missing.csv,,FileNotFoundError,File not found: missing.csv,None
2026-08-03T09:33:06.314086+00:00,globaltech_hris,employees.txt,,ValueError,Unsupported file extension '.txt'. Expected one of ['.csv'].,None
2026-08-03T09:33:06.450690+00:00,acquiredco_hris,missing.json,,FileNotFoundError,File not found: missing.json,None
2026-08-03T09:33:06.456715+00:00,acquiredco_hris,employees.csv,,ValueError,Unsupported file extension '.csv'. Expected one of ['.json'].,None
2026-08-03T09:33:06.460759+00:00,acquiredco_hris,bad.json,,JSONDecodeError,Expecting property name enclosed in double quotes: line 1 column 2 (char 1),None
2026-08-03T09:33:10.626794+00:00,payroll,missing.xlsx,,FileNotFoundError,File not found: missing.xlsx,None
2026-08-03T09:33:10.643908+00:00,payroll,payroll.csv,,ValueError,Unsupported file extension '.csv'. Expected one of ['.xlsx'].,None
2026-08-03T09:33:10.812090+00:00,benefits,missing.xml,,FileNotFoundError,File not found: missing.xml,None
2026-08-03T09:33:10.829470+00:00,benefits,benefits.txt,,ValueError,Unsupported file extension '.txt'. Expected one of ['.xml'].,None
